mktime,co2,temp,humidity

 sensirion,sensor_id=310BA co2=1694.880371,temp=27.432671,humidity=57.409668 946684801
 sensirion,sensor_id=310BA co2=1686.911133,temp=27.419319,humidity=56.201172 946684806
 sensirion,sensor_id=310BA co2=1689.017090,temp=27.491417,humidity=55.963135 946684812
 sensirion,sensor_id=310BA co2=1670.051758,temp=27.518120,humidity=55.355835 946684817
 sensirion,sensor_id=310BA co2=1671.604004,temp=27.504768,humidity=54.678345 946684822
 sensirion,sensor_id=310BA co2=1689.755859,temp=27.531471,humidity=55.189514 946684827
 sensirion,sensor_id=310BA co2=1699.348145,temp=27.475395,humidity=55.056763 946684832
 sensirion,sensor_id=310BA co2=1702.220703,temp=27.518120,humidity=54.759216 946684837
 946684801, 1697.349609, 27.745094, 54.351807
 946684806, 1706.561523, 27.745094, 54.704285
 946684812, 1701.098145, 27.803848, 54.948425
 946684817, 1699.201172, 27.803848, 54.678345
 946684822, 1702.864258, 27.830551, 54.467773
 946684827, 1714.247070, 27.830551, 54.750061
 946684832, 1716.708984, 27.873276, 54.292297
 946684837, 1725.009766, 27.846573, 54.005432
 946684842, 1729.557617, 27.830551, 53.945923
 946684847, 1730.590820, 27.859924, 54.154968
 946684852, 1749.784180, 27.803848, 54.507446
 946684857, 1742.325684, 27.830551, 54.545593
 946684862, 1738.176270, 27.846573, 54.425049
 946684867, 1745.177246, 27.859924, 54.246521
 946684872, 1743.432129, 27.859924, 54.699707
 946684877, 1752.917969, 27.846573, 54.470825
 946684882, 1756.248047, 27.859924, 54.269409
 946684887, 1759.965820, 27.902649, 54.183960
 946684801, 1808.701660, 27.774475, 54.536438
 946684819, 1817.749512, 27.916000, 54.502869
 946684836, 1829.730957, 27.929352, 53.678894
 946684854, 1826.178711, 28.028152, 53.536987
 946684872, 1846.552246, 27.929352, 53.973389
 946684889, 1843.180664, 27.715721, 53.669739
 946684801, 628.337891, 24.214920, 45.942688
 1698179412, 620.745361, 24.313728, 45.498657
 1698179432, 617.246338, 24.356453, 45.394897
 1698179453, 614.111816, 24.383156, 45.228577
 1698179473, 613.271729, 24.399178, 45.243835
 1698179494, 647.848145, 24.412529, 46.826172
 1698179514, 691.894775, 24.471275, 45.275879
 946684801, 1257.426270, 25.817123, 54.248047
 1698182201, 1297.935059, 26.145569, 52.635193
 1698182221, 1299.292480, 26.158920, 52.590942
 1698182242, 1286.508789, 26.369881, 52.297974
 1698182262, 1282.961426, 26.538109, 51.922607
 1698182283, 1278.370605, 26.610207, 51.057434
 1698182304, 1266.752441, 26.711678, 50.817871
 1698182324, 1261.842285, 26.767761, 50.776672
 1698182345, 1252.736328, 26.823837, 50.819397
 1698182365, 1244.473633, 26.853210, 50.776672
 1698182386, 1240.919922, 26.879913, 50.721741
 1698182406, 1234.360840, 26.952011, 50.242615
 1698182427, 1215.399902, 27.021439, 49.949646
 1698182447, 1207.002441, 26.952011, 50.132751
 1698182468, 1202.297363, 26.922638, 50.325012
 1698182489, 1202.595703, 26.978714, 50.309753
 1698182509, 1214.633301, 26.922638, 50.653076
 1698182530, 1210.697266, 26.994736, 50.480652
 1698182550, 1214.625000, 27.050812, 50.451660
 1698182571, 1222.654297, 27.093536, 50.373840
 1698182591, 1225.913574, 27.149612, 49.664307
 1698182612, 1226.331543, 27.176315, 49.578857
 1698182632, 1233.499023, 27.149612, 49.748230
 1698182653, 1239.397949, 27.120239, 50.071716
 1698182674, 1251.175293, 27.264442, 49.981689
 1698182694, 1340.788574, 27.221710, 50.073242
 1698182715, 1331.833984, 27.277794, 50.094604
 1698182735, 1359.304688, 27.251091, 50.173950
 1698182756, 1391.525391, 27.264442, 50.286865
 1698182776, 1405.604492, 27.264442, 50.457764
 1698182796, 1417.508789, 27.277794, 50.570679
 1698182817, 1439.833008, 27.293816, 50.497437
 1698182838, 1455.418945, 27.277794, 50.617981
 1698182858, 1463.697754, 27.349892, 49.395752
 1698182878, 1275.634766, 27.333870, 47.274780
 1698182899, 1218.004395, 27.208359, 47.528076
 1698182919, 1207.591797, 27.120239, 47.880554
 1698182940, 1200.624512, 27.106888, 48.208618
 1698182960, 1195.730957, 27.021439, 48.365784
 1698182981, 1187.869141, 27.021439, 48.439026
 1698183001, 1182.311523, 26.952011, 48.712158
 1698183022, 1177.627930, 26.994736, 48.643494
 1698183042, 1179.943848, 26.952011, 48.904419
 1698183063, 1177.777344, 27.021439, 48.890686
 1698183083, 1177.381348, 27.008087, 48.767090
 1698183104, 1175.891602, 26.994736, 49.006653
 1698183124, 1176.488281, 26.922638, 49.047852
 1698183145, 1170.558105, 26.978714, 48.995972
 1698183165, 1168.962402, 27.021439, 48.864746
 1698183186, 1167.700195, 27.021439, 48.890686
 1698183206, 1166.385254, 27.050812, 48.918152
 1698183227, 1165.655273, 27.050812, 48.869324
 1698183247, 1164.422363, 27.008087, 48.937988
 1698183268, 1163.809570, 27.021439, 48.913574
 1698183288, 1164.309570, 27.034790, 48.941040
 1698183309, 1162.834961, 27.008087, 48.960876
 1698183329, 1153.247559, 27.008087, 49.023438
 1698183350, 1157.333008, 27.008087, 48.986816
 1698183370, 1156.662109, 27.050812, 48.895264
 1698183391, 1157.392090, 27.050812, 48.785400
 1698183411, 1153.435547, 27.106888, 48.791504
 1698183432, 1150.708496, 27.077515, 48.666382
 1698183452, 1147.779785, 27.133591, 48.649597
 1698183473, 1150.424316, 27.093536, 48.667908
 1698183493, 1146.930176, 27.077515, 48.776245
 1698183514, 1145.062988, 27.149612, 48.516846
 1698183534, 1142.607422, 27.162964, 48.483276
 1698183555, 1137.615723, 27.120239, 48.501587
 1698183576, 1137.437012, 27.149612, 48.471069
 1698183597, 1134.278809, 27.192337, 48.475647
 1698183617, 1131.540039, 27.192337, 48.304749
 1698183637, 1130.247070, 27.106888, 48.535156
 1698183658, 1119.323730, 27.149612, 48.396301
 1698183678, 1112.009277, 27.221710, 48.233032
 1698183699, 1112.181641, 27.221710, 48.112488
 1698183719, 1109.922852, 27.162964, 48.263550
 1698183740, 1111.831055, 27.192337, 48.219299
 1698183760, 1108.044434, 27.149612, 48.164368
 1698183781, 1104.833496, 27.120239, 48.355103
 1698183801, 1102.356445, 27.106888, 48.194885
 1698183822, 1096.854004, 27.093536, 48.242188
 1698183842, 1097.168457, 27.162964, 48.191833
 1698183863, 1102.987305, 27.120239, 48.173523
 1698183883, 1096.730469, 27.133591, 48.136902
 1698183904, 1097.521484, 27.176315, 47.975159
 1698183924, 1096.936035, 27.162964, 48.008728
 1698183945, 1094.336914, 27.208359, 47.966003
 1698183965, 1093.434570, 27.221710, 47.747803
 1698183986, 1091.465820, 27.162964, 47.851563
 1698184006, 1089.619141, 27.192337, 47.805786
 1698184027, 1089.276367, 27.162964, 47.775269
 1698184047, 1090.159668, 27.221710, 47.601318
 1698184068, 1088.485840, 27.208359, 47.576904
 1698184088, 1087.562500, 27.162964, 47.631836
 1698184109, 1083.551758, 27.221710, 47.601318
 1698184129, 1080.445313, 27.208359, 47.454834
 1698184150, 1076.948730, 27.192337, 47.453308
 1698184170, 1076.539063, 27.120239, 47.613525
 1698184191, 1071.241699, 27.120239, 47.587585
 1698184211, 1069.604492, 27.093536, 47.645569
 1698184231, 1066.780273, 27.149612, 47.494507
 1698184252, 1068.032227, 27.077515, 47.512817
 1698184272, 1062.437500, 27.149612, 47.434998
 1698184293, 1059.069824, 27.162964, 47.303772
 1698184313, 1060.743164, 27.176315, 47.303772
 1698184334, 1057.769043, 27.162964, 47.206116
 1698184354, 1056.249023, 27.235062, 47.042847
 1698184375, 1056.066895, 27.208359, 47.100830
 1698184395, 1050.011230, 27.133591, 47.164917
 1698184416, 1047.943359, 27.149612, 47.082520
 1698184436, 1041.398438, 27.208359, 47.074890
 1698184457, 1043.777344, 27.133591, 47.128296
 1698184477, 1040.551270, 27.106888, 47.160339
 1698184498, 1040.189941, 27.093536, 47.123718
 1698184518, 1040.830078, 27.106888, 47.015381
 1698184539, 1037.901855, 27.093536, 46.928406
 1698184559, 1034.076660, 27.077515, 47.120667
 1698184580, 1022.971436, 27.093536, 46.940613
 1698184600, 1026.456543, 27.050812, 46.946716
 1698184622, 1023.491455, 27.050812, 46.932983
 1698184642, 1023.941650, 27.050812, 46.873474
 1698184662, 1023.031738, 26.965363, 46.997070
 1698184683, 1018.860840, 26.994736, 47.001648
 1698184703, 1020.432617, 26.935989, 47.018433
 1698184724, 1019.533936, 26.952011, 46.945190
 1698184744, 1020.309082, 26.978714, 46.900940
 1698184765, 1017.877441, 26.978714, 46.853638
 1698184785, 1015.229492, 27.008087, 46.745300
 1698184806, 1013.330811, 26.952011, 46.859741
 1698184826, 1011.522461, 27.021439, 46.676636
 1698184847, 1014.858887, 26.952011, 46.667480
 1698184867, 1009.329346, 26.994736, 46.635437
 1698184888, 1004.403320, 26.935989, 46.603394
 1698184908, 1003.261475, 26.922638, 46.697998
 1698184929, 1002.998291, 26.922638, 46.734619
 1698184950, 1002.862305, 26.909286, 46.514893
 1698184970, 1001.916504, 26.978714, 46.475220
 1698184990, 999.396973, 27.008087, 46.333313
 1698185011, 997.929688, 27.021439, 46.372986
 1698185031, 993.386963, 27.050812, 46.166992
 1698185052, 991.644531, 27.050812, 46.022034
 1698185072, 991.573730, 27.106888, 46.003723
 1698185093, 979.086670, 27.120239, 45.970154
 1698185113, 977.367188, 27.077515, 45.928955
 1698185134, 973.677734, 27.192337, 45.736694
 1698185154, 972.605713, 27.176315, 45.686340
 1698185175, 973.173096, 27.208359, 45.651245
 1698185195, 976.479736, 27.192337, 45.614624
 1698185216, 978.197510, 27.221710, 45.555115
 1698185236, 975.914063, 27.162964, 45.610046
 1698185257, 977.463379, 27.221710, 45.495605
 1698185277, 975.494385, 27.235062, 45.458984
 1698185298, 976.149170, 27.176315, 45.466614
 1698185318, 971.831543, 27.162964, 45.413208
 1698185339, 966.644775, 27.221710, 45.361328
 1698185359, 964.113770, 27.208359, 45.298767
 1698185380, 959.479248, 27.176315, 45.307922
 1698185400, 957.001465, 27.106888, 45.407104
 1698185421, 956.580811, 27.133591, 45.326233
 1698185442, 954.455322, 27.162964, 45.233154
 1698185462, 954.388184, 27.162964, 45.123291
 1698185482, 953.874512, 27.162964, 45.220947
 1698185503, 952.614502, 27.093536, 45.321655
 1698185524, 952.237305, 27.034790, 45.448303
 1698185544, 945.030762, 27.008087, 45.578003
 1698185565, 941.283691, 26.978714, 45.429993
 1698185586, 943.302246, 27.034790, 45.362854
 1698185607, 939.550293, 26.994736, 45.358276
 1698185627, 937.619629, 27.021439, 45.265198
 1698185648, 938.041016, 27.034790, 45.230103
 1698185668, 938.347900, 26.952011, 45.280457
 1698185689, 937.131348, 27.008087, 45.248413
 1698185710, 935.837891, 26.994736, 45.138550
 1698185730, 932.472168, 26.909286, 45.384216
 1698185751, 929.935791, 26.895935, 45.274353
 1698185772, 925.823242, 26.922638, 45.202637
 1698185792, 925.109375, 26.935989, 45.278931
 1698185813, 926.346436, 26.879913, 45.257568
 1698185834, 924.857666, 26.879913, 45.307922
 1698185854, 925.709229, 26.837189, 45.339966
 1698185875, 923.383057, 26.781113, 45.367432
 1698185895, 922.148438, 26.797134, 45.307922
 1698185916, 920.125000, 26.767761, 45.379639
 1698185937, 917.147217, 26.810486, 45.214844
 1698185957, 912.784668, 26.853210, 45.219421
 1698185977, 912.869141, 26.797134, 45.237732
 1698185998, 912.873535, 26.754410, 45.353699
 1698186018, 909.256104, 26.781113, 45.184326
 1698186039, 910.034424, 26.754410, 45.170593
 1698186059, 909.972168, 26.754410, 45.269775
 1698186080, 910.100586, 26.781113, 45.114136
 1698186100, 903.037598, 26.823837, 44.982910
 1698186121, 905.997314, 26.810486, 45.019531
 1698186141, 901.595703, 26.797134, 44.995117
 1698186162, 900.572754, 26.711678, 45.104980
 1698186182, 894.859375, 26.738380, 45.095825
 1698186203, 891.594482, 26.797134, 44.955444
 1698186223, 889.647705, 26.767761, 44.964600
 1698186244, 888.536377, 26.781113, 44.905090
 1698186264, 890.727051, 26.781113, 44.894409
 1698186285, 889.261719, 26.810486, 44.775391
 1698186305, 883.468750, 26.837189, 44.680786
 1698186326, 880.718750, 26.797134, 44.689941
 1698186346, 879.307861, 26.853210, 44.635010
 1698186367, 878.704346, 26.879913, 44.456482
 1698186387, 876.167236, 26.853210, 44.500732
 1698186408, 875.639893, 26.866562, 44.454956
 1698186431, 877.872803, 26.797134, 44.419861
 1698186451, 876.248047, 26.781113, 44.578552
 1698186472, 877.349854, 26.767761, 44.564819
 1698186492, 874.962402, 26.738380, 44.561768
 1698186513, 873.541748, 26.738380, 44.500732
 1698186533, 867.988281, 26.754410, 44.502258
 1698186554, 865.252197, 26.725029, 44.497681
 1698186574, 866.464111, 26.754410, 44.441223
 1698186595, 867.759766, 26.738380, 44.427490
 1698186615, 864.796143, 26.725029, 44.424438
 1698186636, 865.311035, 26.668953, 44.432068
 1698186656, 862.027344, 26.698326, 44.422913
 1698186677, 861.880615, 26.652931, 44.415283
 1698186697, 859.227783, 26.652931, 44.464111
 1698186718, 854.404541, 26.668953, 44.404602
 1698186738, 858.505127, 26.623558, 44.314575
 1698186759, 856.717529, 26.738380, 44.281006
 1698186779, 859.122803, 26.636909, 44.415283
 1698186800, 851.336914, 26.682304, 44.250488
 1698186820, 850.777832, 26.725029, 44.181824
 1698186841, 848.694824, 26.725029, 44.097900
 1698186861, 847.528076, 26.652931, 44.319153
 1698186881, 846.646729, 26.636909, 44.171143
 1698186902, 842.983887, 26.668953, 44.102478
 1698186923, 843.850098, 26.738380, 43.978882
 1698186943, 841.716064, 26.781113, 43.870544
 1698186964, 842.305176, 26.738380, 43.978882
 1698186984, 840.617920, 26.767761, 43.859863
 1698187005, 841.777100, 26.797134, 43.801880
 1698187025, 843.147949, 26.767761, 43.833923
 1698187046, 842.835205, 26.810486, 43.682861
 1698187066, 847.271240, 26.810486, 43.644714
 1698187087, 845.995361, 26.837189, 43.536377
 1698187107, 844.861572, 26.866562, 43.540955
 1698187128, 841.696777, 26.853210, 43.504333
 1698187148, 840.505615, 26.879913, 43.431091
 1698187169, 839.766113, 26.879913, 43.380737
 1698187189, 847.475342, 26.853210, 43.415833
 1698187210, 839.607178, 26.823837, 43.502808
 1698187230, 839.512207, 26.879913, 43.315125
 1698187252, 838.939697, 26.895935, 43.316650
 1698187273, 834.346680, 26.965363, 43.127441
 1698187293, 833.182861, 26.978714, 43.063354
 1698187314, 830.079102, 26.978714, 43.035889
 1698187334, 828.998047, 26.952011, 42.926025
 1698187355, 828.881104, 26.935989, 43.124390
 1698187375, 826.250488, 26.922638, 43.109131
 1698187396, 823.025391, 26.952011, 42.980957
 1698187416, 824.588623, 26.895935, 43.023682
 1698187438, 824.392578, 26.952011, 43.005371
 1698187459, 822.495605, 26.952011, 42.858887
 1698187479, 821.179688, 26.909286, 42.843628
 1698187500, 821.226563, 26.866562, 42.944336
 1698187520, 819.914795, 26.895935, 42.881775
 1698187541, 820.968018, 26.935989, 42.872620
 1698187561, 818.452637, 26.922638, 42.922974
 1698187582, 817.292236, 26.866562, 42.877197
 1698187602, 813.827881, 26.866562, 42.955017
 1698187623, 813.344971, 26.895935, 42.816162
 1698187643, 813.528809, 26.797134, 43.000793
 1698187664, 810.985352, 26.810486, 42.898560
 1698187684, 806.956543, 26.853210, 42.955017
 1698187705, 807.932373, 26.866562, 42.811584
 1698187725, 809.095947, 26.810486, 42.843628
 1698187746, 805.837646, 26.853210, 42.822266
 1698187766, 804.386719, 26.866562, 42.758179
 1698187786, 802.496582, 26.837189, 42.648315
 1698187807, 798.784668, 26.823837, 42.753601
 1698187827, 797.596436, 26.823837, 42.726135
 1698187848, 799.606445, 26.810486, 42.660522
 1698187868, 799.053711, 26.754410, 42.706299
 1698187889, 796.668701, 26.767761, 42.785645
 1698187909, 795.329834, 26.767761, 42.680359
 1698187930, 796.418457, 26.823837, 42.610168
 1698187950, 799.586670, 26.810486, 42.634583
 1698187971, 798.866211, 26.767761, 42.564392
 1698187991, 798.250000, 26.767761, 42.642212
 1698188012, 793.127441, 26.767761, 42.628479
 1698188032, 789.214600, 26.797134, 42.436218
 1698188053, 787.234863, 26.781113, 42.510986
 1698188073, 784.892578, 26.823837, 42.477417
 1698188094, 785.596436, 26.781113, 42.500305
 1698188114, 784.270264, 26.866562, 42.350769
 1698188135, 787.148926, 26.823837, 42.318726
 1698188155, 782.847900, 26.853210, 42.268372
 1698188176, 782.323242, 26.767761, 42.350769
 1698188196, 781.285889, 26.810486, 42.317200
 1698188217, 781.355469, 26.837189, 42.268372
 1698188237, 782.801514, 26.797134, 42.474365
 1698188258, 782.187500, 26.767761, 42.655945
 1698188278, 780.419434, 26.711678, 43.003845
 1698188299, 776.248047, 26.668953, 43.196106
 1698188319, 775.449219, 26.682304, 43.292236
 1698188340, 777.992432, 26.711678, 43.452454
 1698188360, 778.283203, 26.738380, 43.586731
 1698188381, 780.972168, 26.738380, 43.722534
 1698188401, 777.856689, 26.711678, 43.878174
 1698188422, 774.895752, 26.725029, 44.010925
 1698188442, 776.744873, 26.698326, 44.180298
 1698188463, 774.474609, 26.636909, 44.451904
 1698188483, 772.260254, 26.698326, 44.459534
 1698188504, 773.037598, 26.682304, 44.615173
 1698188524, 775.394775, 26.668953, 44.807434
 1698188545, 773.463623, 26.698326, 44.834900
 1698188565, 771.583740, 26.682304, 44.978333
 1698188586, 768.696533, 26.698326, 45.101929
 1698188606, 770.902832, 26.652931, 45.266724
 1698188627, 766.495850, 26.652931, 45.425415
 1698188647, 764.312500, 26.725029, 45.434570
 1698188668, 760.919434, 26.725029, 45.507813
 1698188688, 761.829102, 26.725029, 45.628357
 1698188709, 762.012207, 26.797134, 45.663452
 1698188729, 762.173828, 26.767761, 45.756531
 1698188750, 759.045898, 26.711678, 46.076965
 1698188770, 757.154053, 26.767761, 46.095276
 1698188791, 755.631104, 26.767761, 46.121216
 1698188811, 756.708496, 26.797134, 46.148682
 1698188832, 757.309326, 26.823837, 46.157837
 1698188852, 754.632813, 26.866562, 46.264648
 1698188873, 752.271973, 26.781113, 46.524048
 1698188893, 748.192139, 26.810486, 46.588135
 1698188913, 749.549316, 26.866562, 46.534729
 1698188934, 747.980469, 26.810486, 46.708679
 1698188955, 751.158936, 26.781113, 46.972656
 1698188975, 748.234375, 26.754410, 47.128296
 1698188996, 745.906006, 26.781113, 47.166443
 1698189016, 745.338867, 26.797134, 47.157288
 1698189036, 745.132324, 26.823837, 47.293091
 1698189057, 742.527588, 26.837189, 47.404480
 1698189077, 743.338379, 26.810486, 47.389221
 1698189098, 743.551270, 26.823837, 47.526550
 1698189118, 745.222656, 26.866562, 47.508240
 1698189139, 741.783203, 26.909286, 47.633362
 1698189159, 741.605957, 26.895935, 47.633362
 1698189180, 743.743652, 26.879913, 47.789001
 1698189200, 741.588379, 26.895935, 47.898865
 1698189221, 741.274170, 26.879913, 47.911072
 1698189241, 741.958008, 26.866562, 48.176575
 1698189262, 740.053955, 26.895935, 48.190308
 1698189282, 739.569092, 26.922638, 47.962952
 1698189303, 739.749268, 26.909286, 47.816467
 1698189323, 738.286865, 26.909286, 47.645569
 1698189344, 741.103760, 26.909286, 47.402954
 1698189364, 740.810303, 26.895935, 47.216797
 1698189385, 739.588867, 26.922638, 47.038269
 1698189405, 739.168945, 26.909286, 46.844482
 1698189426, 736.595459, 26.922638, 46.662903
 1698189446, 734.948975, 26.922638, 46.455383
 1698189467, 734.278809, 26.922638, 46.347046
 1698189487, 731.507813, 26.909286, 46.139526
 1698189508, 729.790771, 26.810486, 46.199036
 1698189528, 729.752930, 26.853210, 46.070862
 1698189549, 718.398193, 26.837189, 45.887756
 1698189569, 726.228027, 26.797134, 45.783997
 1698189590, 723.346191, 26.837189, 45.642090
 1698189610, 724.819580, 26.837189, 45.509338
 1698189631, 724.892334, 26.781113, 45.333862
 1698189651, 724.335693, 26.797134, 45.344543
 1698189672, 724.350098, 26.781113, 45.283508
 1698189692, 721.973389, 26.797134, 45.018005
 1698189713, 722.240479, 26.837189, 44.900513
 1698189733, 719.499268, 26.810486, 44.859314
 1698189754, 719.311523, 26.823837, 44.633484
 1698189774, 716.718018, 26.922638, 44.450378
 1698189795, 716.021484, 26.909286, 44.300842
 1698189815, 717.784180, 26.909286, 44.180298
 1698189836, 715.386475, 26.952011, 44.012451
 1698189856, 715.256104, 26.935989, 43.939209
 1698189877, 719.719971, 26.935989, 43.782043
 1698189897, 717.849121, 26.952011, 43.759155
 1698189918, 717.235840, 26.965363, 43.626404
 1698189939, 718.129639, 26.952011, 43.550110
 1698189959, 714.742188, 26.965363, 43.467712
 1698189980, 716.221924, 26.965363, 43.362427
 1698190000, 711.715576, 26.965363, 43.338013
 1698190021, 709.891602, 26.978714, 43.232727
 1698190041, 709.401855, 26.952011, 43.177795
 1698190062, 708.907227, 26.965363, 43.127441
 1698190082, 709.036133, 26.965363, 43.072510
 1698190103, 708.086426, 26.922638, 43.003845
 1698190123, 711.187744, 26.922638, 43.028259
 1698190144, 709.199707, 26.853210, 43.032837
 1698190164, 707.250244, 26.853210, 43.008423
 1698190185, 706.556396, 26.866562, 42.839050
 1698190205, 704.525635, 26.823837, 42.872620
 1698190226, 703.449951, 26.837189, 42.794800
 1698190246, 704.064697, 26.797134, 42.776489
 1698190266, 703.481445, 26.853210, 42.678833
 1698190287, 701.761719, 26.853210, 42.573547
 1698190308, 700.785400, 26.767761, 42.706299
 1698190328, 699.155273, 26.767761, 42.669678
 1698190349, 695.893311, 26.797134, 42.552185
 1698190369, 699.650635, 26.810486, 42.410278
 1698190390, 703.970215, 26.767761, 42.602539
 1698190410, 697.484863, 26.823837, 42.291260
 1698190431, 702.278564, 26.837189, 42.282104
 1698190451, 701.907715, 26.823837, 42.280579
 1698190472, 701.341797, 26.837189, 42.216492
 1698190492, 701.123779, 26.879913, 42.048645
 1698190513, 701.142822, 26.837189, 42.005920
 1698190533, 701.864746, 26.797134, 42.065430
 1698190554, 699.348389, 26.823837, 42.016602
 1698190574, 699.439941, 26.823837, 42.016602
 1698190595, 699.810059, 26.711678, 42.359924
 1698190615, 698.118164, 26.738380, 42.492676
 1698190636, 698.052002, 26.738380, 42.665100
 1698190656, 699.768799, 26.682304, 42.868042
 1698190677, 695.595703, 26.711678, 42.977905
 1698190697, 695.858643, 26.682304, 43.173218
 1698190718, 693.535645, 26.738380, 43.243408
 1698190738, 694.028076, 26.767761, 43.247986
 1698190759, 692.500977, 26.725029, 43.440247
 946684801, 621.419678, 26.468681, 57.452393
 1698245886, 672.994873, 26.524757, 55.200195
 1698245907, 667.601318, 26.498055, 54.782104
 1698245927, 666.177734, 26.498055, 55.209351
 1698245948, 669.616455, 26.412605, 55.780029
 1698245969, 665.981934, 26.412605, 56.082153
 1698245989, 661.306396, 26.425957, 56.365967
 1698246010, 662.024658, 26.383232, 56.820679
 1698246031, 660.379883, 26.455330, 56.988525
 1698246051, 660.886963, 26.383232, 57.246399
 1698246072, 661.397705, 26.441978, 57.369995
 1698246093, 659.596680, 26.412605, 57.308960
 1698246114, 664.251465, 26.455330, 56.887817
 1698246134, 658.295898, 26.511406, 56.481934
 1698246155, 659.831299, 26.455330, 56.315613
 1698246175, 659.380615, 26.498055, 55.836487
 1698246196, 660.219727, 26.538109, 55.337524
 1698246216, 664.610596, 26.468681, 55.067444
 1698246237, 664.806396, 26.455330, 54.861450
 1698246257, 664.566650, 26.441978, 54.704285
 1698246278, 664.265869, 26.327156, 54.393005
 1698246298, 662.217285, 26.300453, 54.086304
 1698246319, 661.381592, 26.214996, 54.037476
 1698246339, 661.703369, 26.145569, 53.894043
 1698246360, 661.467285, 26.158920, 53.546143
 1698246380, 657.778809, 26.100174, 53.222656
 1698246401, 660.450195, 26.044098, 53.126526
 1698246421, 659.582275, 26.028076, 52.874756
 1698246442, 665.353027, 25.972000, 52.722168
 1698246462, 666.684814, 25.929276, 52.513123
 1698246482, 663.159424, 25.817123, 52.531433
 1698246503, 667.323486, 25.803772, 52.236938
 1698246523, 659.049316, 25.886551, 51.972961
 1698246544, 662.636719, 25.787750, 51.765442
 1698246565, 657.054688, 25.817123, 51.538086
 1698246586, 651.132080, 25.817123, 51.222229
 1698246606, 652.670410, 25.787750, 51.147461
 1698246627, 655.173584, 25.803772, 50.749207
 1698246647, 650.226074, 25.817123, 50.607300
 1698246668, 654.522217, 25.774399, 50.466919
 1698246688, 653.881348, 25.761047, 50.149536
 1698246709, 655.164307, 25.817123, 49.890137
 1698246729, 652.841553, 25.873199, 49.559021
 1698246750, 652.969971, 25.873199, 49.340820
 1698246770, 655.079590, 25.803772, 49.320984
 1698246791, 653.172119, 25.830475, 49.020386
 1698246811, 650.108887, 25.803772, 48.748779
 1698246832, 647.858154, 25.873199, 48.515320
 1698246852, 652.083984, 25.929276, 48.219299
 1698246873, 653.473633, 25.945297, 47.857666
 1698246893, 656.436768, 25.915924, 47.746277
 1698246914, 657.467041, 25.803772, 47.830200
 1698246934, 653.440674, 25.830475, 47.700500
 1698246955, 654.378906, 25.787750, 47.645569
 1698246975, 651.309570, 25.787750, 47.476196
 1698246996, 652.719727, 25.774399, 47.326660
 1698247016, 646.477295, 25.803772, 47.174072
 1698247037, 645.922363, 25.787750, 46.928406
 1698247057, 656.600586, 25.688942, 46.977234
 1698247078, 651.776123, 25.747688, 46.827698
 1698247098, 654.874512, 25.704964, 46.699524
 1698247119, 657.859375, 25.731667, 46.597290
 1698247139, 661.883057, 25.718315, 46.484375
 1698247160, 664.542480, 25.718315, 46.337891
 1698247181, 659.389160, 25.718315, 46.180725
 1698247201, 660.082520, 25.718315, 46.098328
 1698247222, 659.026611, 25.731667, 45.903015
 1698247242, 655.488525, 25.761047, 45.774841
 1698247263, 657.803711, 25.774399, 45.642090
 1698247283, 661.290527, 25.817123, 45.539856
 1698247304, 659.294434, 25.787750, 45.523071
 1698247324, 658.402100, 25.803772, 45.404053
 1698247344, 658.329102, 25.718315, 45.384216
 1698247365, 654.624756, 25.747688, 45.265198
 1698247385, 652.658203, 25.761047, 45.170593
 1698247406, 652.462158, 25.747688, 45.046997
 1698247426, 650.318848, 25.688942, 45.050049
 1698247447, 650.582031, 25.803772, 44.798279
 1698247467, 654.514648, 25.830475, 44.607544
 1698247488, 653.071289, 25.859848, 44.538879
 1698247510, 657.277588, 25.817123, 44.497681
 1698247530, 645.389648, 25.886551, 44.386292
 1698247551, 647.957520, 25.873199, 44.239807
 1698247571, 652.123047, 25.886551, 44.166565
 1698247592, 653.967773, 25.945297, 43.955994
 1698247612, 657.146973, 25.915924, 43.951416
 1698247633, 656.869873, 25.945297, 43.736267
 1698247653, 663.406738, 25.902573, 43.791199
 1698247674, 656.348389, 25.915924, 43.745422
 1698247694, 654.679932, 26.014725, 43.406677
 1698247715, 654.667236, 25.972000, 43.435669
 1698247735, 656.720947, 25.915924, 43.466187
 1698247756, 661.958252, 25.902573, 43.453979
 1698247776, 659.163330, 25.859848, 43.458557
 1698247796, 655.163574, 25.846497, 43.421936
 1698247817, 655.056641, 25.873199, 43.315125
 1698247838, 653.393066, 25.846497, 43.220520
 1698247858, 651.174316, 25.817123, 43.228149
 1698247879, 653.643311, 25.817123, 43.177795
 1698247899, 652.109619, 25.817123, 43.177795
 1698247919, 649.950928, 25.761047, 43.196106
 1698247940, 646.621582, 25.859848, 42.971802
 1698247960, 653.256104, 25.761047, 43.090820
 1698247981, 651.786377, 25.774399, 43.000793
 1698248001, 651.800293, 25.787750, 42.884827
 1698248022, 652.376465, 25.830475, 42.744446
 1698248042, 654.785645, 25.846497, 42.666626
 1698248063, 654.646973, 25.886551, 42.568970
 1698248083, 654.485840, 25.886551, 42.555237
 1698248104, 656.835205, 25.945297, 42.414856
 1698248124, 658.085449, 25.945297, 42.364502
 1698248145, 655.663574, 25.985352, 42.198181
 1698248165, 655.624268, 26.014725, 42.094421
 1698248186, 655.741455, 25.958649, 42.143250
 1698248206, 655.535156, 25.985352, 41.989136
 1698248227, 652.800293, 25.972000, 42.024231
 1698248247, 651.424072, 25.915924, 42.097473
 1698248268, 650.255127, 25.915924, 42.033386
 1698248288, 650.616699, 25.886551, 42.053223
 1698248309, 648.435059, 25.902573, 42.030334
 1698248329, 648.922119, 25.945297, 41.918945
 1698248350, 650.788086, 25.929276, 41.860962
 1698248370, 650.117188, 25.915924, 41.860962
 1698248391, 649.414551, 25.945297, 41.813660
 1698248411, 648.005127, 25.958649, 41.879272
 1698248432, 652.362793, 25.886551, 42.134094
 1698248452, 651.855469, 25.915924, 42.359924
 1698248473, 652.299805, 25.902573, 42.410278
 1698248493, 651.956543, 25.902573, 42.555237
 1698248514, 652.436035, 25.902573, 42.726135
 1698248534, 652.036865, 25.886551, 42.776489
 1698248555, 651.302490, 25.873199, 43.026733
 1698248575, 651.520264, 25.859848, 43.115234
 1698248596, 651.538818, 25.830475, 43.269348
 1698248616, 650.869141, 25.787750, 43.525696
 1698248637, 649.472168, 25.859848, 43.571472
 1698248657, 647.461914, 25.873199, 43.522644
 1698248678, 651.927246, 25.873199, 43.814087
 1698248699, 655.233643, 25.873199, 43.910217
 1698248719, 660.949463, 25.873199, 44.081116
 1698248740, 657.273438, 25.859848, 44.259644
 1698248760, 681.258789, 25.873199, 44.309998
 1698248781, 684.172852, 25.886551, 44.349670
 1698248801, 682.726807, 25.958649, 44.392395
 1698248822, 682.087402, 25.915924, 44.487000
 1698248842, 683.229980, 25.886551, 44.615173
 1698248862, 683.633057, 25.873199, 44.711304
 1698248883, 682.678955, 25.873199, 44.844055
 1698248903, 681.954346, 25.902573, 44.944763
 1698248924, 682.043457, 25.902573, 44.944763
 1698248944, 683.095459, 25.929276, 45.008850
 1698248965, 684.152344, 25.945297, 45.118713
 1698248985, 681.321289, 25.972000, 45.182800
 1698249006, 681.426270, 25.958649, 45.265198
 1698249026, 681.961670, 25.915924, 45.417786
 1698249047, 682.626953, 25.929276, 45.516968
 1698249067, 683.076904, 25.902573, 45.622253
 1698249088, 683.381592, 25.945297, 45.677185
 1698249108, 684.704346, 25.945297, 45.797729
 1698249129, 688.886475, 25.945297, 45.846558
 1698249149, 697.424316, 25.915924, 45.976257
 1698249170, 694.507324, 25.929276, 46.038818
 1698249190, 696.871582, 25.859848, 46.226501
 1698249211, 691.428223, 25.902573, 46.264648
 1698249231, 688.528564, 25.873199, 46.359253
 1698249252, 688.332520, 25.873199, 46.395874
 1698249272, 690.113525, 25.774399, 46.649170
 1698249293, 686.507568, 25.747688, 46.910095
 1698249314, 682.792969, 25.731667, 47.019958
 1698249334, 679.034180, 25.731667, 47.128296
 1698249355, 675.476318, 25.747688, 47.189331
 1698249375, 677.257568, 25.718315, 47.274780
 1698249396, 680.524170, 25.747688, 47.302246
 1698249416, 679.966309, 25.662239, 47.531128
 1698249437, 677.991943, 25.662239, 47.737122
 1698249457, 676.841797, 25.531395, 48.022461
 1698249478, 677.284668, 25.619514, 47.985840
 1698249498, 678.148438, 25.606163, 48.080444
 1698249519, 678.753906, 25.576790, 48.126221
 1698249539, 675.492432, 25.648888, 48.196411
 1698249560, 675.120361, 25.632866, 48.231506
 1698249581, 676.257080, 25.632866, 48.268127
 1698249601, 676.886230, 25.590141, 48.345947
 1698249622, 678.458984, 25.619514, 48.519897
 1698249642, 677.183105, 25.606163, 48.506165
 1698249663, 676.531250, 25.632866, 48.570251
 1698249683, 678.648193, 25.619514, 48.736572
 1698249703, 675.553955, 25.563438, 48.851013
 1698249724, 674.075439, 25.619514, 48.858643
 1698249744, 675.234375, 25.632866, 48.799133
 1698249765, 673.380371, 25.675591, 48.950195
 1698249785, 673.504883, 25.688942, 48.881531
 1698249806, 671.474365, 25.662239, 49.069214
 1698249826, 669.672607, 25.688942, 49.047852
 1698249847, 669.484863, 25.704964, 48.928833
 1698249867, 673.990723, 25.619514, 49.183655
 1698249888, 677.042725, 25.632866, 49.284363
 1698249908, 677.116943, 25.619514, 49.281311
 1698249929, 680.469482, 25.576790, 49.505615
 1698249949, 679.638672, 25.619514, 49.546814
 1698249970, 676.279053, 25.619514, 49.583435
 1698249990, 676.486084, 25.606163, 49.606323
 1698250011, 677.860596, 25.662239, 49.723816
 1698250031, 679.135010, 25.619514, 49.742126
 1698250052, 677.760742, 25.648888, 49.661255
 1698250073, 673.709961, 25.761047, 49.615479
 1698250093, 671.360352, 25.731667, 49.636841
 1698250113, 671.845947, 25.774399, 49.716187
 1698250134, 669.375977, 25.817123, 49.684143
 1698250154, 668.571533, 25.830475, 49.591064
 1698250175, 667.166504, 25.846497, 49.674988
 1698250195, 666.259277, 25.873199, 49.620056
 1698250216, 664.227783, 25.859848, 49.751282
 1698250236, 663.234863, 25.958649, 49.632263
 1698250257, 665.999268, 25.902573, 49.697876
 1698250277, 660.959717, 25.929276, 49.725342
 1698250298, 656.270264, 25.985352, 49.659729
 1698250318, 659.440674, 26.044098, 49.545288
 1698250339, 657.631104, 26.057449, 49.574280
 1698250359, 662.394775, 26.044098, 49.559021
 1698250380, 662.501953, 26.070801, 49.636841
 1698250400, 663.541992, 26.084152, 49.673462
 1698250421, 664.738037, 26.057449, 49.742126
 1698250441, 665.058838, 26.044098, 49.815369
 1698250462, 659.458008, 26.129547, 49.655151
 1698250482, 661.298096, 26.158920, 49.696350
 1698250503, 665.477051, 26.145569, 49.801636
 1698250523, 663.560303, 26.172272, 49.710083
 1698250544, 664.291260, 26.158920, 49.839783
 1698250564, 661.914307, 26.129547, 49.920654
 1698250585, 662.581787, 26.201645, 49.906921
 1698250605, 662.171387, 26.228348, 49.862671
 1698250626, 659.604004, 26.214996, 49.885559
 1698250646, 660.206543, 26.271080, 49.893188
 1698250667, 660.030762, 26.356529, 49.737549
 1698250687, 658.499512, 26.343178, 49.673462
 1698250708, 658.951660, 26.399254, 49.728394
 1698250728, 660.651367, 26.369881, 49.784851
 1698250749, 660.336426, 26.383232, 49.774170
 1698250769, 660.619873, 26.441978, 49.697876
 1698250790, 659.163086, 26.441978, 49.748230
 1698250810, 660.553223, 26.412605, 49.865723
 1698250831, 665.503906, 26.412605, 49.935913
 1698250851, 660.852295, 26.425957, 49.916077
 1698250872, 656.963867, 26.425957, 49.952698
 1698250892, 655.119873, 26.399254, 49.995422
 1698250913, 657.606201, 26.425957, 49.926758
 1698250933, 663.448730, 26.356529, 50.160217
 1698250954, 660.572998, 26.425957, 50.122070
 1698250974, 662.729004, 26.455330, 49.966431
 1698250995, 659.261719, 26.455330, 50.114441
 1698251015, 657.936035, 26.455330, 50.173950
 1698251037, 664.479980, 26.441978, 50.183105
 1698251058, 664.065674, 26.441978, 50.219727
 1698251078, 665.285645, 26.441978, 50.292969
 1698251099, 666.711670, 26.524757, 50.146484
 1698251119, 666.184814, 26.524757, 50.245667
 1698251140, 667.988281, 26.511406, 50.242615
 1698251160, 666.207031, 26.538109, 50.219727
 1698251181, 667.546875, 26.554131, 50.151062
 1698251201, 664.668701, 26.511406, 50.341797
 1698251222, 663.302246, 26.554131, 50.236511
 1698251242, 663.741699, 26.511406, 50.425720
 1698251263, 657.294678, 26.482033, 50.650024
 1698251284, 660.614746, 26.455330, 50.721741
 1698251304, 654.207275, 26.482033, 50.686646
 1698251325, 656.003906, 26.468681, 50.698853
 1698251345, 657.646973, 26.498055, 50.764465
 1698251366, 660.746094, 26.511406, 50.717163
 1698251386, 663.126709, 26.468681, 50.732422
 1698251407, 662.890381, 26.524757, 50.718689
 1698251427, 660.013672, 26.538109, 50.732422
 1698251448, 663.064697, 26.580833, 50.776672
 1698251468, 663.340820, 26.636909, 50.636292
 1698251489, 664.527588, 26.580833, 50.714111
 1698251509, 667.426514, 26.610207, 50.767517
 1698251530, 663.126465, 26.623558, 50.659180
 1698251550, 663.201660, 26.623558, 50.694275
 1698251571, 661.108887, 26.623558, 50.828552
 1698251591, 659.613037, 26.636909, 50.794983
 1698251612, 659.766602, 26.623558, 50.877380
 1698251632, 658.854004, 26.623558, 50.805664
 1698251653, 658.360840, 26.610207, 50.827026
 1698251673, 655.103027, 26.636909, 50.938416
 1698251693, 656.989746, 26.636909, 50.952148
 1698251714, 655.446045, 26.668953, 50.933838
 1698251734, 655.175537, 26.682304, 51.019287
 1698251755, 653.490967, 26.652931, 50.955200
 1698251776, 650.101074, 26.711678, 50.878906
 1698251796, 650.219482, 26.668953, 51.005554
 1698251817, 650.244873, 26.698326, 51.097107
 1698251837, 650.288086, 26.610207, 51.239014
 1698251858, 649.885254, 26.652931, 51.138306
 1698251878, 653.337158, 26.668953, 51.152039
 1698251899, 656.991455, 26.623558, 51.327515
 1698251919, 656.804199, 26.610207, 51.387024
 1698251939, 651.792480, 26.554131, 51.477051
 1698251960, 651.381348, 26.538109, 51.679993
 1698251980, 654.885254, 26.538109, 51.582336
 1698252001, 652.460938, 26.567482, 51.611328
 1698252021, 654.586182, 26.567482, 51.660156
 1698252042, 653.420898, 26.538109, 51.728821
 1698252062, 653.696777, 26.498055, 51.879883
 1698252083, 651.067627, 26.498055, 51.927185
 1698252103, 651.669189, 26.524757, 51.957703
 1698252124, 651.900879, 26.498055, 52.040100
 1698252144, 652.173096, 26.468681, 52.131653
 1698252165, 650.808105, 26.468681, 52.095032
 1698252185, 655.443115, 26.482033, 52.108765
 1698252206, 654.149414, 26.468681, 52.105713
 1698252226, 653.788818, 26.412605, 52.268982
 1698252247, 651.497314, 26.468681, 52.227783
 1698252267, 651.609863, 26.412605, 52.360535
 1698252288, 653.474121, 26.425957, 52.362061
 1698252308, 653.795898, 26.468681, 52.311707
 1698252329, 651.614502, 26.482033, 52.337646
 1698252349, 651.763184, 26.524757, 52.247620
 1698252370, 649.663086, 26.511406, 52.233887
 1698252390, 650.545654, 26.498055, 52.394104
 1698252411, 648.774414, 26.468681, 52.403259
 1698252431, 652.099854, 26.468681, 52.481079
 1698252452, 656.029541, 26.554131, 52.346802
 1698252473, 649.398926, 26.580833, 52.279663
 1698252493, 651.812256, 26.580833, 52.233887
 1698252514, 649.297119, 26.567482, 52.241516
 1698252534, 650.097656, 26.580833, 52.316284
 1698252555, 652.764160, 26.554131, 52.438354
 1698252575, 654.892090, 26.580833, 52.374268
 1698252596, 657.815918, 26.596855, 52.319336
 1698252617, 654.734619, 26.668953, 52.232361
 1698252637, 656.557373, 26.652931, 52.255249
 1698252658, 655.152832, 26.623558, 52.343750
 1698252678, 655.673584, 26.682304, 52.307129
 1698252699, 656.046631, 26.682304, 52.307129
 1698252720, 657.781250, 26.652931, 52.305603
 1698252740, 662.223877, 26.652931, 52.305603
 1698252761, 665.955078, 26.623558, 52.503967
 1698252781, 657.110107, 26.610207, 52.680969
 1698252802, 650.971680, 26.623558, 52.458191
 1698252822, 652.711426, 26.596855, 52.645874
 1698252843, 657.843506, 26.554131, 52.696228
 1698252864, 656.580811, 26.596855, 52.713013
 1698252884, 661.374023, 26.652931, 52.586365
 1698252905, 653.311523, 26.636909, 52.639771
 1698252925, 649.603760, 26.698326, 52.536011
 1698252946, 649.918457, 26.682304, 52.603149
 1698252967, 649.993652, 26.725029, 52.563477
 1698252987, 654.201172, 26.711678, 52.526855
 1698253008, 658.206299, 26.767761, 52.467346
 1698253028, 657.447510, 26.754410, 52.444458
 1698253049, 661.215332, 26.682304, 52.568054
 1698253069, 657.963867, 26.711678, 52.616882
 1698253090, 663.066650, 26.668953, 52.700806
 1698253110, 663.616943, 26.682304, 52.726746
 1698253131, 660.540771, 26.668953, 52.778625
 1698253152, 659.250732, 26.738380, 52.644348
 1698253172, 664.073242, 26.711678, 52.694702
 1698253193, 663.909180, 26.668953, 52.723694
 1698253213, 664.869873, 26.711678, 52.685547
 1698253234, 658.164063, 26.652931, 52.879333
 1698253254, 657.764893, 26.682304, 52.827454
 1698253275, 653.142090, 26.711678, 52.751160
 1698253295, 654.957764, 26.668953, 52.824402
 1698253316, 654.312012, 26.682304, 52.915955
 1698253336, 656.504395, 26.682304, 52.915955
 1698253357, 653.011719, 26.725029, 52.778625
 1698253377, 652.927979, 26.781113, 52.717590
 1698253398, 653.233643, 26.781113, 52.740479
 1698253418, 653.965576, 26.754410, 52.838135
 1698253439, 650.408691, 26.738380, 52.836609
 1698253459, 648.339355, 26.781113, 52.751160
 1698253480, 651.119629, 26.781113, 52.751160
 1698253500, 652.556152, 26.853210, 52.717590
 1698253521, 654.166992, 26.823837, 52.645874
 1698253541, 651.666504, 26.866562, 52.731323
 1698253562, 651.055664, 26.879913, 52.641296
 1698253583, 651.830078, 26.879913, 52.664185
 1698253603, 654.242676, 26.853210, 52.636719
 1698253624, 656.756104, 26.879913, 52.664185
 1698253644, 658.953857, 26.895935, 52.622986
 1698253665, 656.947266, 26.895935, 52.677917
 1698253685, 652.913086, 26.922638, 52.613831
 1698253706, 652.912842, 26.909286, 52.622986
 1698253727, 650.047119, 26.895935, 52.755737
 1698253747, 651.874756, 26.909286, 52.737427
 1698253768, 651.231201, 26.952011, 52.687073
 1698253788, 648.635742, 26.952011, 52.664185
 1698253809, 650.125977, 26.909286, 52.781677
 1698253830, 651.382568, 26.909286, 52.815247
 1698253850, 655.544678, 26.922638, 52.806091
 1698253871, 655.992676, 26.909286, 52.772522
 1698253891, 659.012451, 26.922638, 52.760315
 1698253912, 660.812744, 26.879913, 52.946472
 1698253932, 659.933350, 26.866562, 52.969360
 1698253953, 654.969971, 26.866562, 53.001404
 1698253973, 649.094482, 26.895935, 52.915955
 1698253994, 645.946533, 26.895935, 52.970886
 1698254014, 646.863770, 26.853210, 53.033447
 1698254035, 645.222900, 26.952011, 52.934265
 1698254055, 648.397461, 26.922638, 52.975464
 1698254076, 648.656494, 26.853210, 53.134155
 1698254097, 650.110596, 26.895935, 53.028870
 1698254117, 651.770508, 26.879913, 53.048706
 1698254137, 653.193604, 26.909286, 53.053284
 1698254158, 655.201172, 26.879913, 53.083801
 1698254178, 655.159424, 26.823837, 51.843262
 1698254199, 655.439941, 26.810486, 51.341248
 1698254219, 653.268799, 26.810486, 51.377869
 1698254240, 655.689209, 26.767761, 51.458740
 1698254261, 648.440918, 26.754410, 51.492310
 1698254281, 654.011475, 26.738380, 51.428223
 1698254302, 651.635498, 26.711678, 51.559448
 1698254322, 654.270020, 26.698326, 51.582336
 1698254343, 656.299072, 26.698326, 51.519775
 1698254363, 654.832520, 26.738380, 51.477051
 1698254384, 655.090576, 26.754410, 51.515198
 1698254404, 655.631836, 26.711678, 51.510620
 1698254425, 656.273682, 26.754410, 51.551819
 1698254445, 656.169922, 26.754410, 51.455688
 1698254466, 653.390381, 26.738380, 51.464844
 1698254486, 655.963867, 26.682304, 51.602173
 1698254507, 659.791504, 26.668953, 51.760864
 1698254527, 657.623779, 26.725029, 51.573181
 1698254548, 659.846924, 26.711678, 51.522827
 1698254569, 657.266602, 26.754410, 51.478577
 1698254589, 655.501709, 26.738380, 51.477051
 1698254610, 655.039551, 26.797134, 51.451111
 1698254630, 656.316162, 26.754410, 51.382446
 1698254651, 655.479248, 26.754410, 51.419067
 1698254671, 650.363037, 26.781113, 51.362610
 1698254692, 649.875000, 26.754410, 51.419067
 1698254712, 649.938232, 26.754410, 51.419067
 1698254733, 649.731445, 26.797134, 51.423645
 1698254753, 666.945313, 26.767761, 51.419067
 1698254774, 664.533691, 26.781113, 51.483154
 1698254794, 660.876465, 26.738380, 51.490784
 1698254815, 659.817383, 26.797134, 51.327515
 1698254835, 656.143066, 26.767761, 51.396179
 1698254855, 657.750244, 26.837189, 51.284790
 1698254876, 660.553223, 26.797134, 51.339722
 1698254896, 659.517578, 26.711678, 51.547241
 1698254917, 657.879639, 26.725029, 51.473999
 1698254937, 660.486328, 26.711678, 51.522827
 1698254958, 660.835693, 26.725029, 51.560974
 1698254978, 660.701416, 26.738380, 51.501465
 1698254999, 659.378174, 26.797134, 51.339722
 1698255019, 655.836426, 26.738380, 51.464844
 1698255040, 658.270508, 26.725029, 51.609802
 1698255061, 658.861816, 26.682304, 51.615906
 1698255081, 656.129883, 26.698326, 51.629639
 1698255102, 654.501221, 26.711678, 51.643372
 1698255122, 658.462891, 26.725029, 51.657104
 1698255143, 652.969238, 26.725029, 51.550293
 1698255163, 656.788818, 26.738380, 51.513672
 1698255184, 656.376953, 26.738380, 51.550293
 1698255204, 654.784180, 26.725029, 51.536560
 1698255225, 655.752686, 26.767761, 51.458740
 1698255245, 655.498535, 26.767761, 51.506042
 1698255266, 655.508545, 26.781113, 51.458740
 1698255286, 656.661621, 26.797134, 51.353455
 1698255306, 652.788086, 26.797134, 51.390076
 1698255327, 650.937744, 26.810486, 51.377869
 1698255348, 656.778076, 26.837189, 51.298523
 1698255368, 652.382568, 26.810486, 51.341248
 1698255388, 651.911865, 26.823837, 51.307678
 1698255409, 648.218506, 26.797134, 51.510620
 1698255432, 648.314453, 26.823837, 51.307678
 1698255452, 647.781006, 26.823837, 51.367188
 1698255473, 645.795166, 26.781113, 51.350403
 1698255493, 643.628906, 26.738380, 51.501465
 1698255514, 642.480957, 26.767761, 51.506042
 1698255534, 642.856445, 26.781113, 51.412964
 1698255555, 643.718750, 26.754410, 51.445007
 1698255576, 646.993896, 26.711678, 51.559448
 1698255596, 645.342773, 26.711678, 51.570129
 1698255617, 645.430664, 26.781113, 51.387024
 1698255637, 646.589355, 26.767761, 51.396179
 1698255658, 644.545166, 26.738380, 51.464844
 1698255678, 643.535400, 26.698326, 51.519775
 1698255700, 644.731201, 26.738380, 51.574707
 1698255721, 645.015137, 26.682304, 51.556396
 1698255741, 647.880127, 26.698326, 51.666260
 1698255762, 650.031982, 26.725029, 51.464844
 1698255782, 648.663330, 26.738380, 51.538086
 1698255803, 649.350342, 26.698326, 51.593018
 1698255823, 648.085449, 26.668953, 51.661682
 1698255844, 649.522217, 26.610207, 51.728821
 1698255864, 644.995850, 26.623558, 51.632690
 1698255885, 642.853271, 26.711678, 51.510620
 1698255906, 647.312256, 26.698326, 51.545715
 1698255926, 648.171143, 26.610207, 51.629639
 1698255947, 649.057617, 26.596855, 51.811218
 1698255967, 651.238281, 26.596855, 51.774597
 1698255988, 649.276855, 26.652931, 51.744080
 1698256008, 649.848877, 26.652931, 51.744080
 1698256029, 648.875488, 26.623558, 51.730347
 1698256049, 651.463379, 26.623558, 51.679993
 1698256070, 650.259277, 26.580833, 51.831055
 1698256090, 648.840576, 26.567482, 51.829529
 1698256111, 646.155518, 26.538109, 51.985168
 1698256131, 645.716553, 26.482033, 52.145386
 1698256152, 644.356201, 26.511406, 52.078247
 1698256172, 647.449463, 26.524757, 51.968384
 1698256193, 646.448486, 26.441978, 52.137756
 1698256213, 646.660889, 26.383232, 52.241516
 1698256234, 643.180664, 26.369881, 52.410889
 1698256254, 649.914307, 26.369881, 52.238464
 1698256275, 650.637207, 26.343178, 52.449036
 1698256296, 651.805908, 26.343178, 52.394104
 1698256316, 650.906738, 26.399254, 52.392578
 1698256337, 650.288574, 26.369881, 52.352905
 1698256358, 649.932373, 26.412605, 52.360535
 1698256378, 651.477295, 26.425957, 52.256775
 1698256399, 653.457520, 26.369881, 52.284241
 1698256420, 651.218994, 26.369881, 52.410889
 1698256440, 651.987061, 26.383232, 52.398682
 1698256461, 652.392090, 26.369881, 52.352905
 1698256481, 651.012451, 26.399254, 52.380371
 1698256502, 646.865967, 26.412605, 52.232361
 1698256523, 648.993408, 26.343178, 52.462769
 1698256543, 645.221924, 26.383232, 52.447510
 1698256564, 642.573730, 26.425957, 52.328491
 1698256584, 645.009521, 26.425957, 52.256775
 1698256605, 644.455811, 26.441978, 52.200317
 1698256625, 647.119141, 26.425957, 52.210999
 1698256646, 649.082520, 26.425957, 52.233887
 1698256667, 652.928955, 26.441978, 52.177429
 1698256687, 652.331055, 26.498055, 52.040100
 1698256709, 650.760498, 26.498055, 52.014160
 1698256729, 650.860107, 26.468681, 52.021790
 1698256750, 649.531982, 26.468681, 52.241516
 1698256771, 652.216797, 26.455330, 52.117920
 1698256791, 654.296387, 26.425957, 52.127075
 1698256812, 648.988770, 26.441978, 52.128601
 1698256833, 651.377686, 26.441978, 52.236938
 1698256854, 647.081055, 26.482033, 52.145386
 1698256874, 649.756836, 26.498055, 52.062988
 1698256895, 647.144531, 26.482033, 52.012634
 1698256915, 651.347168, 26.455330, 52.081299
 1698256936, 650.169189, 26.482033, 52.046204
 1698256957, 648.438477, 26.441978, 52.114868
 1698256977, 650.414795, 26.468681, 52.131653
 1698256998, 653.467041, 26.455330, 52.081299
 1698257018, 652.267822, 26.412605, 52.218628
 1698257039, 649.105957, 26.455330, 52.140808
 1698257060, 647.052002, 26.441978, 52.151489
 1698257081, 649.995361, 26.412605, 52.159119
 1698257101, 651.970215, 26.399254, 52.169800
 1698257122, 648.683838, 26.441978, 52.188110
 1698257142, 648.426758, 26.441978, 52.214050
 1698257163, 646.766846, 26.468681, 52.105713
 1698257184, 650.157715, 26.482033, 51.976013
 1698257204, 653.604492, 26.412605, 52.195740
 1698257225, 651.599609, 26.498055, 51.927185
 1698257245, 652.242188, 26.468681, 51.985168
 1698257266, 652.226807, 26.468681, 52.021790
 1698257286, 650.581787, 26.482033, 52.012634
 1698257307, 652.375244, 26.498055, 51.918030
 1698257328, 649.925293, 26.468681, 52.021790
 1698257348, 648.989502, 26.498055, 52.040100
 1698257369, 650.265869, 26.399254, 52.133179
 1698257389, 645.258545, 26.455330, 52.140808
 1698257411, 651.041260, 26.412605, 52.110291
 1698257432, 646.992920, 26.455330, 52.104187
 1698257453, 647.401367, 26.468681, 51.962280
 1698257473, 646.195557, 26.482033, 52.073669
 1698257494, 645.992188, 26.425957, 52.050781
 1698257514, 649.757080, 26.369881, 52.238464
 1698257535, 650.678711, 26.425957, 52.197266
 1698257556, 660.798340, 26.425957, 52.113342
 1698257576, 654.374512, 26.412605, 52.136230
 1698257597, 650.604980, 26.482033, 52.023315
 1698257617, 650.327881, 26.441978, 52.078247
 1698257638, 647.520264, 26.468681, 52.072144
 1698257658, 644.831299, 26.498055, 51.940918
 1698257679, 642.140869, 26.468681, 52.009583
 1698257700, 637.378906, 26.538109, 51.948547
 1698257720, 637.673340, 26.524757, 51.824951
 1698257741, 635.483398, 26.524757, 51.908875
 1698257761, 634.924316, 26.498055, 51.963806
 1698257782, 633.658691, 26.554131, 51.936340
 1698257803, 632.741211, 26.524757, 51.824951
 1698257823, 635.256592, 26.511406, 51.881409
 1698257844, 635.910156, 26.498055, 52.003479
 1698257864, 648.845459, 26.482033, 51.962280
 1698257885, 635.193359, 26.511406, 51.918030
 1698257905, 650.797363, 26.524757, 51.884460
 1698257926, 646.212891, 26.524757, 51.824951
 1698257946, 646.078857, 26.511406, 51.881409
 1698257967, 643.498047, 26.482033, 52.000427
 1698257989, 643.729736, 26.524757, 51.982117
 1698258009, 644.369629, 26.538109, 51.863098
 1698258030, 645.940918, 26.511406, 51.808167
 1698258051, 646.207275, 26.524757, 51.968384
 1698258071, 646.516113, 26.567482, 51.817322
 1698258092, 647.129883, 26.636909, 51.693726
 1698258113, 646.995117, 26.524757, 51.908875
 1698258133, 645.252930, 26.610207, 51.821899
 1698258154, 646.000488, 26.652931, 51.623535
 1698258174, 644.999756, 26.636909, 51.560974
 1698258195, 645.576660, 26.682304, 51.542664
 1698258216, 646.169189, 26.652931, 51.478577
 1698258236, 645.701172, 26.738380, 51.284790
 1698258257, 647.007568, 26.767761, 51.373291
 1698258277, 646.991943, 26.781113, 51.229858
 1698258298, 645.760498, 26.767761, 51.298523
 1698258318, 646.481934, 26.797134, 51.194763
 1698258339, 646.282227, 26.767761, 51.261902
 1698258359, 647.859619, 26.781113, 51.229858
 1698258380, 647.905273, 26.711678, 51.350403
 1698258400, 644.719727, 26.711678, 51.437378
 1698258421, 643.626953, 26.738380, 51.380920
 1698258441, 645.526855, 26.652931, 51.490784
 1698258462, 644.351807, 26.698326, 51.519775
 1698258482, 643.646973, 26.623558, 51.669312
 1698258503, 644.260010, 26.623558, 51.559448
 1698258524, 644.206543, 26.610207, 51.519775
 1698258544, 642.604980, 26.610207, 51.579285
 1698258565, 643.863525, 26.580833, 51.794434
 1698258585, 643.676270, 26.511406, 51.907349
 1698258606, 642.327637, 26.567482, 51.876831
 1698258627, 643.423096, 26.554131, 51.780701
 1698258647, 645.344727, 26.554131, 51.829529
 1698258668, 641.431396, 26.596855, 51.712036
 1698258688, 640.627441, 26.610207, 51.715088
 1698258709, 637.960938, 26.682304, 51.579285
 1698258729, 642.356445, 26.554131, 51.660156
 1698258750, 640.208252, 26.610207, 51.666260
 1698258770, 640.007568, 26.580833, 51.794434
 1698258791, 640.969727, 26.623558, 51.655579
 1698258811, 642.120361, 26.623558, 51.679993
 1698258832, 644.164307, 26.623558, 51.643372
 1698258852, 641.477051, 26.623558, 51.596069
 1698258873, 641.431885, 26.567482, 51.829529
 1698258893, 640.675781, 26.567482, 51.853943
 1698258914, 640.495361, 26.596855, 51.652527
 1698258934, 640.329102, 26.580833, 51.696777
 1698258955, 641.219238, 26.580833, 51.771545
 1698258975, 642.059570, 26.567482, 51.770020
 1698258996, 642.413818, 26.567482, 51.770020
 1698259016, 640.935791, 26.580833, 51.710510
 1698259037, 636.676514, 26.567482, 51.783752
 1698259057, 636.937500, 26.524757, 51.884460
 1698259078, 634.909180, 26.567482, 51.684570
 1698259099, 633.589355, 26.511406, 51.930237
 1698259119, 634.120361, 26.567482, 51.890564
 1698259140, 634.051758, 26.498055, 51.977539
 1698259160, 629.557129, 26.524757, 51.931763
 1698259181, 633.212402, 26.538109, 51.908875
 1698259201, 637.730713, 26.538109, 51.863098
 1698259222, 639.639160, 26.524757, 51.799011
 1698259242, 638.612549, 26.511406, 51.918030
 1698259263, 638.858643, 26.538109, 51.885986
 1698259283, 639.620605, 26.498055, 51.927185
 1698259304, 639.201172, 26.538109, 51.885986
 1698259325, 636.285889, 26.524757, 51.884460
 1698259345, 637.576904, 26.482033, 51.916504
 1698259366, 633.435791, 26.468681, 51.962280
 1698259386, 633.269043, 26.498055, 52.026367
 1698259407, 631.667236, 26.567482, 51.939392
 1698259427, 633.599121, 26.498055, 51.904297
 1698259448, 629.789307, 26.538109, 51.934814
 1698259468, 625.425781, 26.524757, 51.847839
 1698259489, 634.762939, 26.468681, 52.035522
 1698259509, 631.014648, 26.468681, 52.082825
 1698259530, 632.827148, 26.524757, 52.053833
 1698259550, 633.458008, 26.498055, 52.040100
 1698259571, 631.692139, 26.511406, 52.040100
 1698259591, 634.838623, 26.498055, 52.040100
 1698259612, 633.289551, 26.511406, 51.966858
 1698259632, 631.842285, 26.580833, 51.867676
 1698259653, 633.939453, 26.554131, 51.995850
 1698259673, 630.655273, 26.538109, 51.922607
 1698259694, 633.260986, 26.567482, 51.783752
 1698259714, 634.432861, 26.596855, 51.834106
 1698259735, 632.508057, 26.538109, 51.899719
 1698259755, 632.600586, 26.567482, 51.829529
 1698259776, 633.120850, 26.596855, 51.785278
 1698259796, 633.988281, 26.580833, 51.808167
 1698259817, 630.069336, 26.596855, 51.870728
 1698259837, 644.697021, 26.524757, 51.921082
 1698259857, 644.624268, 26.567482, 51.866150
 1698259878, 635.338135, 26.524757, 51.835632
 1698259898, 634.422119, 26.567482, 51.876831
 1698259919, 630.208984, 26.538109, 51.922607
 1698259939, 628.384766, 26.567482, 51.927185
 1698259960, 635.778564, 26.567482, 51.866150
 1698259980, 636.895508, 26.524757, 52.018738
 1698260001, 635.987793, 26.524757, 52.005005
 1698260022, 638.102783, 26.468681, 52.142334
 1698260042, 634.825439, 26.482033, 52.133179
 1698260063, 634.586182, 26.441978, 52.163696
 1698260083, 638.025635, 26.498055, 52.169800
 1698260104, 638.021973, 26.498055, 52.076721
 1698260124, 637.500244, 26.482033, 52.082825
 1698260145, 634.384766, 26.468681, 52.142334
 1698260165, 634.650391, 26.455330, 52.224731
 1698260186, 634.938477, 26.468681, 52.227783
 1698260207, 636.449219, 26.482033, 52.206421
 1698260227, 637.188232, 26.425957, 52.186584
 1698260248, 638.048584, 26.511406, 52.223206
 1698260268, 637.883789, 26.524757, 52.018738
 1698260289, 637.347168, 26.498055, 52.085876
 1698260309, 633.836914, 26.468681, 52.215576
 1698260330, 637.798096, 26.399254, 52.243042
 1698260351, 636.277832, 26.369881, 52.476501
 1698260372, 633.364502, 26.369881, 52.388000
 1698260392, 634.549805, 26.369881, 52.398682
 1698260413, 632.347168, 26.383232, 52.456665
 1698260433, 634.543213, 26.327156, 52.539063
 1698260454, 634.345459, 26.300453, 52.680969
 1698260475, 634.808105, 26.343178, 52.575684
 1698260495, 632.814209, 26.327156, 52.481079
 1698260516, 633.228027, 26.271080, 52.676392
 1698260537, 634.672852, 26.257729, 52.639771
 1698260557, 635.281494, 26.271080, 52.687073
 1698260578, 637.851074, 26.327156, 52.616882
 1698260599, 638.982666, 26.300453, 52.714539
 1698260619, 639.423340, 26.228348, 52.735901
 1698260640, 637.782471, 26.313805, 52.659607
 1698260661, 638.908691, 26.257729, 52.731323
 1698260681, 637.421143, 26.214996, 52.847290
 1698260702, 636.848633, 26.185623, 52.955627
 1698260723, 635.669434, 26.244370, 52.841187
 1698260743, 641.367432, 26.244370, 52.786255
 1698260764, 643.979004, 26.201645, 52.969360
 1698260784, 643.684326, 26.129547, 53.025818
 1698260805, 640.855469, 26.172272, 53.021240
 1698260826, 643.490967, 26.145569, 53.117371
 1698260846, 641.939941, 26.084152, 53.189087
 1698260867, 641.727783, 26.084152, 53.266907
 1698260887, 640.277344, 26.028076, 53.358459
 1698260908, 639.811279, 26.014725, 53.381348
 1698260928, 638.081787, 26.084152, 53.390503
 1698260949, 642.188477, 26.070801, 53.355408
 1698260969, 643.504395, 26.084152, 53.254700
 1698260990, 646.752930, 26.158920, 53.131104
 1698261011, 651.852539, 26.116196, 53.179932
 1698261031, 649.603760, 26.129547, 53.227234
 1698261054, 649.742676, 26.084152, 53.289795
 1698261075, 654.287842, 26.057449, 53.363037
 1698261095, 647.888916, 26.001373, 53.465271
 1698261115, 639.393066, 26.014725, 53.492737
 1698261136, 642.712402, 26.116196, 53.359985
 1698261156, 642.765869, 26.158920, 53.231812
 1698261177, 644.622070, 26.172272, 53.120422
 1698261197, 650.389648, 26.129547, 53.250122
 1698261218, 649.679932, 26.214996, 53.060913
 1698261238, 654.019531, 26.201645, 53.070068
 1698261259, 651.577148, 26.145569, 53.184509
 1698261279, 650.872314, 26.100174, 53.326416
 1698261300, 652.393311, 26.100174, 53.326416
 1698261320, 649.502686, 26.158920, 53.231812
 1698261341, 650.689941, 26.185623, 53.147888
 1698261361, 653.167725, 26.158920, 53.231812
 1698261382, 655.482666, 26.084152, 53.309631
 1698261402, 659.872070, 26.100174, 53.392029
 1698261423, 660.330322, 26.158920, 53.231812
 1698261443, 646.730225, 26.185623, 53.225708
 1698261464, 650.117432, 26.228348, 53.106689
 1698261484, 652.639893, 26.145569, 53.298950
 1698261505, 649.886230, 26.172272, 53.222656
 1698261525, 650.947998, 26.201645, 53.080750
 1698261546, 653.579834, 26.201645, 53.149414
 1698261566, 651.015625, 26.172272, 53.202820
 1698261587, 652.934570, 26.185623, 53.202820
 1698261607, 653.026855, 26.185623, 53.102112
 1698261628, 652.157959, 26.214996, 53.161621
 1698261648, 653.726807, 26.244370, 53.099060
 1698261669, 652.770752, 26.244370, 53.088379
 1698261689, 653.888916, 26.201645, 53.305054
 1698261710, 651.503906, 26.214996, 53.184509
 1698261730, 652.849609, 26.244370, 53.131104
 1698261751, 653.961426, 26.185623, 53.190613
 1698261771, 654.374268, 26.185623, 53.190613
 1698261792, 653.073975, 26.158920, 53.208923
 1698261812, 653.819092, 26.172272, 53.335571
 1698261833, 647.963623, 26.145569, 53.387451
 1698261854, 648.633789, 26.116196, 53.417969
 1698261874, 649.367188, 26.084152, 53.514099
 1698261895, 646.308594, 26.158920, 53.433228
 1698261915, 648.932861, 26.129547, 53.474426
 1698261935, 647.929688, 26.201645, 53.294373
 1698261956, 654.781006, 26.172272, 53.280640
 1698261976, 650.391602, 26.129547, 53.419495
 1698261997, 637.559570, 26.158920, 53.355408
 1698262017, 638.366699, 26.214996, 53.263855
 1698262038, 638.460205, 26.214996, 53.263855
 1698262113, 643.592041, 26.412605, 52.865601
 1698262138, 645.952148, 26.441978, 52.700806
 1698262158, 647.907471, 26.468681, 52.740479
 1698262179, 650.170898, 26.468681, 52.659607
 1698262200, 649.767334, 26.412605, 52.719116
 1698262220, 651.701416, 26.399254, 52.828979
 1698262241, 652.496826, 26.343178, 52.937317
 1698262262, 652.102539, 26.399254, 52.774048
 1698262282, 653.115967, 26.468681, 52.749634
 1698262303, 654.337891, 26.399254, 52.828979
 1698262323, 650.100586, 26.383232, 52.984619
 1698262344, 651.609131, 26.399254, 52.897644
 1698262365, 649.519775, 26.399254, 52.874756
 1698262385, 654.787842, 26.412605, 52.865601
 1698262406, 659.627197, 26.356529, 52.947998
 1698262426, 656.771729, 26.313805, 53.053284
 1698262447, 657.039551, 26.327156, 53.088379
 1698262467, 656.236084, 26.327156, 53.001404
 1698262488, 653.081299, 26.383232, 52.996826
 1698262509, 658.635986, 26.343178, 53.047180
 1698262529, 657.218262, 26.327156, 53.065491
 1698262550, 663.205811, 26.313805, 53.076172
 1698262570, 665.060791, 26.313805, 53.131104
 1698262591, 661.972656, 26.300453, 53.117371
 1698262611, 657.691895, 26.399254, 52.909851
 1698262632, 663.171631, 26.327156, 53.079224
 1698262652, 661.904053, 26.356529, 52.980042
 1698262673, 661.397217, 26.343178, 53.024292
 1698262693, 659.788086, 26.383232, 52.961731
 1698262714, 660.503174, 26.412605, 52.932739
 1698262734, 656.956299, 26.425957, 52.868652
 1698262755, 658.459473, 26.455330, 52.928162
 1698262775, 658.082520, 26.356529, 53.048706
 1698262796, 659.297607, 26.343178, 53.070068
 1698262816, 661.211182, 26.356529, 53.002930
 1698262837, 663.247803, 26.271080, 53.204346
 1698262857, 662.917969, 26.300453, 53.277588
 1698262878, 661.250244, 26.327156, 53.144836
 1698262898, 660.661133, 26.284431, 53.138733
 1698262919, 664.715820, 26.313805, 53.176880
 1698262939, 664.285889, 26.271080, 53.282166
 1698262960, 661.486816, 26.284431, 53.227234
 1698262980, 660.572754, 26.284431, 53.373718
 1698263001, 660.728027, 26.271080, 53.327942
 1698263021, 665.511230, 26.271080, 53.327942
 1698263041, 666.316650, 26.300453, 53.244019
 1698263062, 668.012451, 26.284431, 53.318787
 1698263083, 666.293701, 26.300453, 53.253174
 1698263103, 666.130371, 26.313805, 53.198242
 1698263123, 665.156494, 26.369881, 53.071594
 1698263144, 664.638428, 26.343178, 53.057861
 1698263164, 662.420166, 26.399254, 53.021240
 1698263185, 661.821289, 26.356529, 53.070068
 1698263205, 661.295898, 26.399254, 53.042603
 1698263226, 663.172363, 26.343178, 53.115845
 1698263246, 659.964844, 26.425957, 53.024292
 1698263267, 659.245850, 26.343178, 53.034973
 1698263287, 659.301514, 26.343178, 53.070068
 1698263308, 660.727051, 26.383232, 53.131104
 1698263328, 664.920166, 26.383232, 53.085327
 1698263349, 662.924316, 26.412605, 52.989197
 1698263370, 660.851074, 26.399254, 52.955627
 1698263390, 661.988770, 26.356529, 53.117371
 1698263411, 660.406006, 26.343178, 53.135681
 1698263431, 660.545166, 26.399254, 53.033447
 1698263452, 663.265137, 26.383232, 52.973938
 1698263473, 663.061768, 26.356529, 53.117371
 1698263493, 662.717773, 26.343178, 53.080750
 1698263514, 662.174805, 26.300453, 53.186035
 1698263534, 663.000244, 26.327156, 53.021240
 1698263555, 663.377441, 26.356529, 53.060913
 1698263576, 662.547852, 26.327156, 53.065491
 1698263597, 661.134766, 26.369881, 53.062439
 1698263618, 663.153809, 26.356529, 53.060913
 1698263638, 662.643555, 26.356529, 53.070068
 1698263659, 657.811035, 26.399254, 52.998352
 1698263679, 654.964111, 26.399254, 52.998352
 1698263700, 655.725342, 26.313805, 53.131104
 1698263720, 651.793945, 26.327156, 53.112793
 1698263741, 655.060791, 26.284431, 53.149414
 1698263761, 658.418701, 26.343178, 53.181458
 1698263782, 660.649170, 26.313805, 53.153992
 1698263802, 661.908203, 26.284431, 53.184509
 1698263823, 659.615967, 26.271080, 53.190613
 1698263843, 655.299561, 26.244370, 53.335571
 1698263864, 655.083740, 26.284431, 53.250122
 1698263884, 654.328125, 26.257729, 53.213501
 1698263905, 659.067383, 26.214996, 53.376770
 1698263925, 651.808350, 26.185623, 53.437805
 1698263946, 656.295166, 26.201645, 53.373718
 1698263966, 653.236328, 26.201645, 53.363037
 1698263987, 660.973633, 26.214996, 53.410339
 1698264007, 661.035889, 26.228348, 53.399658
 1698264028, 656.161377, 26.214996, 53.369141
 1698264048, 653.944580, 26.271080, 53.327942
 1698264069, 655.400879, 26.284431, 53.172302
 1698264089, 658.760986, 26.244370, 53.189087
 1698264109, 657.525635, 26.214996, 53.230286
 1698264130, 657.786377, 26.201645, 53.271484
 1698264150, 657.198730, 26.158920, 53.410339
 1698264171, 656.486328, 26.228348, 53.332520
 1698264191, 656.874023, 26.214996, 53.330994
 1698264212, 660.731201, 26.214996, 53.308105
 1698264232, 657.750000, 26.201645, 53.271484
 1698264253, 660.865967, 26.172272, 53.381348
 1698264273, 656.702148, 26.185623, 53.395081
 1698264294, 656.373535, 26.185623, 53.395081
 1698264314, 654.881104, 26.185623, 53.326416
 1698264335, 655.192139, 26.185623, 53.395081
 1698264355, 654.951660, 26.172272, 53.392029
 1698264376, 656.384521, 26.172272, 53.469849
 1698264396, 657.563477, 26.145569, 53.410339
 1698264417, 659.463623, 26.172272, 53.381348
 1698264437, 658.130127, 26.185623, 53.282166
 1698264458, 662.040771, 26.158920, 53.332520
 1698264478, 663.226318, 26.158920, 53.479004
 1698264499, 661.783447, 26.129547, 53.440857
 1698264521, 662.125488, 26.158920, 53.433228
 1698264542, 662.721191, 26.214996, 53.218079
 1698264562, 659.410889, 26.244370, 53.222656
 1698264583, 657.966309, 26.228348, 53.186035
 1698264603, 658.499512, 26.244370, 53.131104
 1698264624, 660.300293, 26.172272, 53.314209
 1698264644, 655.336670, 26.201645, 53.236389
 1698264665, 662.886719, 26.214996, 53.184509
 1698264685, 663.598877, 26.172272, 53.280640
 1698264706, 661.839600, 26.100174, 53.346252
 1698264726, 660.009277, 26.201645, 53.271484
 1698264747, 662.807129, 26.201645, 53.172302
 1698264767, 661.850586, 26.201645, 53.204346
 1698264787, 661.242188, 26.116196, 53.395081
 1698264808, 661.342285, 26.158920, 53.277588
 1698264828, 660.243164, 26.185623, 53.314209
 1698264849, 662.214844, 26.100174, 53.358459
 1698264869, 661.076172, 26.145569, 53.309631
 1698264890, 660.901123, 26.145569, 53.240967
 1698264910, 658.301514, 26.145569, 53.364563
 1698264931, 658.394287, 26.084152, 53.422546
 1698264951, 659.942627, 26.129547, 53.363037
 1698264972, 658.092529, 26.116196, 53.372192
 1698264992, 655.691162, 26.116196, 53.440857
 1698265013, 658.854980, 26.145569, 53.285217
 1698265033, 657.703125, 26.084152, 53.479004
 1698265054, 658.912109, 26.044098, 53.518677
 1698265074, 657.325439, 26.057449, 53.442383
 1698265095, 654.324707, 26.070801, 53.433228
 1698265115, 654.938477, 26.057449, 53.532410
 1698265136, 656.635010, 26.028076, 53.538513
 1698265156, 656.527588, 25.985352, 53.643799
 1698265177, 657.763672, 26.057449, 53.578186
 1698265197, 660.945557, 26.028076, 53.538513
 1698265218, 659.775391, 26.044098, 53.451538
 1698265238, 660.656494, 26.014725, 53.625488
 1698265259, 661.412842, 26.028076, 53.582764
 1698265279, 659.306885, 26.057449, 53.465271
 1698265300, 659.433594, 26.014725, 53.424072
 1698265320, 654.397949, 26.084152, 53.231812
 1698265341, 649.979980, 26.158920, 53.166199
 1698265361, 651.780273, 26.057449, 53.227234
 1698265382, 651.793701, 26.057449, 53.340149
 1698265402, 649.871582, 26.100174, 53.268433
 1698265423, 653.065186, 26.116196, 53.193665
 1698265443, 647.428711, 26.116196, 53.236389
 1698265464, 644.885986, 26.100174, 53.291321
 1698265484, 649.179199, 26.070801, 53.253174
 1698265505, 645.084961, 26.100174, 53.257751
 1698265525, 647.802979, 26.014725, 53.424072
 1698265546, 648.947510, 26.084152, 53.266907
 1698265566, 647.933594, 26.057449, 53.308105
 1698265587, 647.287842, 26.028076, 53.414917
 1698265607, 648.967285, 26.001373, 53.367615
 1698265628, 644.148682, 26.001373, 53.422546
 1698265648, 644.966064, 26.044098, 53.271484
 1698265669, 648.784180, 25.945297, 53.482056
 1698265689, 644.911377, 25.886551, 53.504944
 1698265710, 643.435059, 25.873199, 53.593445
 1698265730, 643.371826, 25.859848, 53.637695
 1698265751, 645.012207, 25.830475, 53.733826
 1698265771, 642.773193, 25.817123, 53.765869
 1698265792, 642.549805, 25.859848, 53.669739
 1698265812, 635.989990, 25.830475, 53.564453
 1698265833, 638.690186, 25.787750, 53.881836
 1698265853, 638.201904, 25.774399, 53.959656
 1698265874, 639.986328, 25.817123, 53.785706
 1698265894, 644.615967, 25.761047, 53.877258
 1698265915, 644.235352, 25.747688, 53.889465
 1698265935, 642.171387, 25.817123, 53.720093
 1698265956, 645.210693, 25.774399, 53.825378
 1698265976, 647.096680, 25.774399, 53.858948
 1698265997, 646.649170, 25.774399, 53.802490
 1698266017, 648.398682, 25.803772, 53.717041
 1698266038, 650.050049, 25.747688, 53.889465